name,web,lat,long,country
Jugger Halifax,<img src="https://doc-0g-b0-mymaps.googleusercontent.com/untrusted/hostedimage/glq0ertkjq4pfspe462v75g0i8/ldme6lqapt4cmuo1i943h39irg/1573214400000/9FnDH1sQNa5OyRurRtSi3XhS4vWlfz6Y/07371843970532912375/1AF2TALr0zBJfBc6tmfPXOR3mieWXszsWLvbS7J14a6OsD_Yw52_7ihhB78XTVAcYaYIJYJm8GYhfpcciR846_8ss7v2H-6zDKcnhyYe4pgmTd4hp3PaRpDxjUIb7YtrnELth_J71ujLVgwFHQXF9IjNIm06DikVsdJ8JRCtNR87XzVwQF3OhYP_yecnDzkaO-B3Y_ztgjqiRfUSSGHktpocZFTOXZDjffKsWJa76GHHKy2Zkq_8wAuNF3v5LGRL5x9du36iKuw_n5Z4IpdVBjh7Nd43Ts_aFNg?session=1&fife" height="200" width="auto" /><br><br>https://www.facebook.com/juggerhalifax,-63.5792542,44.6510703,USA__Canada
Jugger Toronto,https://www.facebook.com/groups/JuggerToronto/,-79.3858337,43.6489945,USA__Canada
Jugger Vancouver,https://www.facebook.com/juggervancouver,-123.1148529,49.2608592,USA__Canada
Red Dirt Jugger Club,https://www.facebook.com/groups/114787848554225/,-97.5938009,35.5281317,USA__Canada
Inland Jugger Empire League,https://www.facebook.com/groups/316971551802028/,-119.2864609,46.2857494,USA__Canada
Colorado Jugger League,<img src="https://doc-0s-b0-mymaps.googleusercontent.com/untrusted/hostedimage/glq0ertkjq4pfspe462v75g0i8/ibuqflqa5o8s8cch778mdc5afo/1573214400000/9FnDH1sQNa5OyRurRtSi3XhS4vWlfz6Y/07371843970532912375/1AF2TALp8vjlX_cqGtjDjiCJWlRDsXg_3Rr7BpsD5UdBLQlqY9s6g6jfIm3qm5dXbYb5z1So8Tn-OzMNF0cq5XJtDwCOoxPnJu127IMZFiHKBm-3KZ7MIDC1S_cKFudrPqQTYssE__k_UEk9Y2kjIHLV4-ElnwtEtodzhG2FHgN1qxvcjGBAUiWy3d6ye9yRl0z9ziv679KjOngBn1pHYg6rTtwh_DdVoRCdc0L90xoNS9Fq_saYQVvZydLTEPm6zr_1TSRnjBvp5IKRbcsVGNctaAxFqqOPcdQ?session=1&fife" height="200" width="auto" /><br><br>https://www.facebook.com/groups/coloradojugger/,-105.0663757,39.6701992,USA__Canada
Jugger California,https://www.facebook.com/JuggerCalifornia,-122.2771453,37.8179208,USA__Canada
Carolina Aggressive Jugger Association,https://www.facebook.com/groups/cajajugger/,-78.9625167,33.6817825,USA__Canada
Jugger Ohio,https://www.facebook.com/jugger.ohio,-81.45401,39.4144466,USA__Canada
Jugger Tennessee,https://www.facebook.com/groups/JuggerTN/,-86.7796326,36.160053,USA__Canada
Wyoming Jugger Club,https://www.facebook.com/groups/413808018720996/,-109.2369747,41.5906043,USA__Canada
Jugger Arizona,https://www.facebook.com/JuggerArizona,-112.0711899,33.4460526,USA__Canada
Mississippi Aggro Jugger League,https://www.facebook.com/MississippiAggroJuggerLeague,-90.0744152,32.1988571,USA__Canada
Springfield MO Jugger,https://www.facebook.com/swmojugger/,-93.2955551,37.206816,USA__Canada
Jugger Florida,https://www.facebook.com/juggerflorida,-81.6560555,30.3229522,USA__Canada
Bad Panda,https://www.facebook.com/groups/1044036452274895/,-122.6795197,45.5227061,USA__Canada
Ursae Majoris,https://www.facebook.com/groups/JuggerUCB/,-122.2731972,37.8714658,USA__Canada
SF Juggernauts,https://www.facebook.com/groups/1543315222652201/,-122.419281,37.7735642,USA__Canada
The Juggers of the Wasteland,https://www.facebook.com/groups/134882559866761,-118.1490326,34.1515905,USA__Canada
Jugger Montana (Blitzbison),https://www.facebook.com/groups/2013321212231267/,-108.524701,45.7867851,USA__Canada
Jugger Angers,No Page as of Yet,-0.5630493,47.4782902,France
Les Calanquiers,Jugger Team from Marseilles,5.3774643,43.2944497,France
Jugger Paris,https://www.facebook.com/groups/120405368573633/,2.35222190000002,48.856614,France
Los Addams,,-5.60874880000006,43.2751294,Spain
Magnethopollos Jugger,,-1.1340876,37.9899401,Spain
Polars,,-5.9262961,43.5570193,Spain
Asociación Madrileña de Jugger,https://www.facebook.com/juggermadrid,-3.7071991,40.41611,Spain
Loto Negro,https://www.facebook.com/Loto.Negro.JuggerTeam/?ref=br_rs,-0.8837637,41.6613914,Spain
Jugger Logroño,https://www.facebook.com/JuggerLogro/,-2.4520111,42.4593704,Spain
Ninjas Almoradi Jugger,https://www.facebook.com/pages/Ninjas-Almoradi-Jugger/263945877094281,-0.7937621,38.1106368,Spain
Asociación Murciana de Jugger,https://www.facebook.com/AMUJUGGER/,-1.1442947,37.9941335,Spain
Colmillo Blanco Jugger,https://www.facebook.com/ColmilloBlancoJuggerTeam/,-0.3917312,39.4719803,Spain
Galician Association of Jugger - AGJ,https://www.facebook.com/JuggerGalicia,-8.4002494,43.352208,Spain
Elements Jugger Team,https://www.facebook.com/ElementsJugger,-0.3764534,39.4697276,Spain
Trenckos Jugger Team,https://www.facebook.com/pages/Trenckos-Jugger-Team/309729619156706,-8.7228012,42.2348725,Spain
Northwest Wolves - Jugger Team,https://www.facebook.com/NWW.jugger.coruna,-8.4311485,43.3403485,Spain
Asociación Alicantina de Jugger,https://www.facebook.com/juggeralicante,-0.4921531,38.3448875,Spain
Association of Jugger and Softcombat Valladolid,https://www.facebook.com/juggervalladolid,-4.7177696,41.6562407,Spain
Verracos,https://www.facebook.com/VerracosJugger,-1.1301761,37.9837497,Spain
Pyropatos Jugger Club,http://pyropatosjc.wix.com/home,-8.425312,43.3607576,Spain
Lobeznos - Jugger Team,https://www.facebook.com/Juggerlobeznos,-8.4137249,43.3449677,Spain
Templarios Negros Jugger Club,https://www.facebook.com/tmnjugger/,-8.7143039,42.2285809,Spain
Asociación Valenciana de Jugger,https://www.facebook.com/asociacionvalencianadejugger/,-0.3841782,39.4666796,Spain
Softcombat y jugger en Vigo,https://www.facebook.com/softcombatjuggervigo/,-8.7233162,42.2330931,Spain
Geek & Destroy - Jugger Team,https://www.facebook.com/geekdestroy,-8.4126949,43.3586984,Spain
Blood Axes Jugger Coruña,https://www.facebook.com/pages/Blood-Axes-Jugger-Coruña/182590351949246,-8.4168147,43.3380388,Spain
Valkyries,https://www.facebook.com/JuggerValkyries,-8.4234237,43.3489,Spain
Valar Morghulis,https://www.facebook.com/ValarMorghulisJuggerTeam,-8.7150764,42.2349997,Spain
Bearserkers,https://www.facebook.com/BearserkersJugger/,-3.6984449,40.3971576,Spain
Qwick Survivors Jugger Team,https://www.facebook.com/QwickSurvivors,0.6319714,41.6185545,Spain
Jugger Zaragoza,https://www.facebook.com/groups/322441734492777/,-0.8995056,41.6564972,Spain
Coruñesa Association of Jugger,https://www.facebook.com/JuggerCoruna,-8.4053993,43.3680584,Spain
Plan B - Zaragoza,https://www.facebook.com/pages/Plan-B-Zaragoza/228265587228056,-0.9082603,41.6295579,Spain
Juggermeister,https://www.facebook.com/Juggermeister/,-3.6979292,40.3924515,Spain
Tercios Espanoles,http://terciosmurcia.wix.com/tercios#!__my-website,-1.1559248,37.9951142,Spain
Jugger Mallorca,https://www.facebook.com/groups/104961192916500/,2.6566315,39.5765857,Spain
Killer Kitties Klan,https://www.facebook.com/profile.php?id=100007265349986,-0.8722115,41.6430289,Spain
Juggerstorm,https://www.facebook.com/juggerstorm,-3.6996463,40.4019937,Spain
Celtic Avengers,https://www.facebook.com/CelticAvengers,-8.7288093,42.2322035,Spain
Valencia Juggernauts,https://www.facebook.com/pages/Valencia-Juggernauts/205756489461823,-0.3690719,39.4613786,Spain
Frankespavos de Kiev,https://www.facebook.com/frankespavos.dekiev,-0.379715,39.4568724,Spain
Santa Compaña,https://www.facebook.com/SantaCompanaSCM/,-8.408575,43.3491497,Spain
Corvos,https://www.facebook.com/Corvosjugger,-8.4336376,43.3501483,Spain
Fenriss Jugger Cartagena,https://www.facebook.com/fenrissjugger.cartagena.5,-1.0000992,37.6193984,Spain
Centinelas Jedi,https://www.facebook.com/CentinelasJedi,0.6104278,41.6166616,Spain
Els Gegants,No Page Yet,0.6231308,41.6251952,Spain
Ciponejos Revolution,No Page yet,-1.1379433,37.9854073,Spain
Team Hunter,https://www.facebook.com/TeamHunter.Jugger/,-0.4926682,38.3437767,Spain
Midnight Fighters,https://www.facebook.com/midnightfighters/,-0.5594422,38.1961923,Spain
Gina Donuts,No Page Yet,-0.3948212,39.4616436,Spain
Smuggers,http://juggermadrid.forosphpbb.es/f4-spuggers,-3.7017059,40.4110127,Spain
Eternal Fire Shinigami,https://www.facebook.com/EternalFireShinigami,0.6203842,41.6118488,Spain
Kira's Army,http://kirasarmy.blogspot.com.es/,-0.9207916,41.6505972,Spain
Overlords,https://twitter.com/OverlordsJugger,-0.3800583,39.4791356,Spain
A.C. Forjadores,Contact : https://www.facebook.com/jon.heras.3,-2.9348731,43.262675,Spain
Mighty Owl's Santander,https://www.facebook.com/MightyOwlsSantander/,-3.8398933,43.461143,Spain
Tribu Mahud,No Page Yet,-0.9942627,37.6187866,Spain
Asociación Jugger Compostela,https://www.facebook.com/groups/699155653512558/,-8.5460222,42.8872456,Spain
Skull Impalers,https://www.facebook.com/pages/Skull-Impalers/357821064242166,-8.4076309,43.3401613,Spain
Ravens,https://www.facebook.com/pages/Ravens/719866744710202,-0.367012,39.4804605,Spain
Kings of Beer,https://www.facebook.com/pages/Kings-of-Beer-Jugger-Zaragoza/154065118039487,-0.8950424,41.6416178,Spain
TotemA,https://www.facebook.com/pages/TotemA/580745792054949,-2.443943,42.4604469,Spain
Ghost Division,https://www.facebook.com/GhostDivisionJugger,-8.5489082,42.8728191,Spain
Huestes de Odin,https://www.facebook.com/HuestesOdin,-5.6660271,40.9713443,Spain
Jugger Pontevedra,https://www.facebook.com/clubjuggerpontevedra,-8.6430216,42.427448,Spain
Shadow Walkers Jugger Team,https://www.facebook.com/pages/Shadow-Walkers-Jugger-Team/1592365040983928,0.6227875,41.6220514,Spain
Asociación de Jugger y Softcombat de Vigo - AJSV,https://www.facebook.com/AsociacionJuggerSoftcombatVigo/,-8.7228012,42.2398291,Spain
Jugger Asturias,https://www.facebook.com/JuggerAsturias,-5.8479881,43.3621305,Spain
Asociación Sevillana de Jugger,https://www.facebook.com/JuggerSevilla/,-5.9844589,37.385708,Spain
Titanes Jugger Club,https://www.facebook.com/titanesjc/,-0.1223946,38.5405126,Spain
Cova Céltica,https://www.facebook.com/Cova-C%C3%A9ltica-Jugger-Club-1499841706980824/,-8.7190247,42.2343642,Spain
Rampage,https://www.facebook.com/rampagejuggercantabria/,-3.8162041,43.4615791,Spain
Jugger Lleida,https://www.facebook.com/JuggerLleida/,0.620985,41.6169824,Spain
Jugger Club Suricatos,https://www.facebook.com/Juggerclubsuricatos/,2.1689415,41.3853095,Spain
Jugger Barecelona,https://www.facebook.com/groups/1441353899498791,2.1735764,41.3844724,Spain
Warthogs (dead),No Contact Info,2.1708298,41.3835708,Spain
Blue Monkeys,No Contact Info,2.1713448,41.3864043,Spain
Surferos del Ebro,www.facebook.com/SurferosdelEbro/,-0.8811378,41.6503405,Spain
Fianna,https://www.facebook.com/FiannaJugger,-0.9970093,37.6252449,Spain
LINCES,https://www.facebook.com/C%C3%B3rdoba-Kombat-Sociedad-Cordobesa-de-Jugger-y-SoftCombat-939426029429656/,-4.7797394,37.8873185,Spain
Cordoba Kombat,https://www.facebook.com/C%C3%B3rdoba-Kombat-Sociedad-Cordobesa-de-Jugger-y-SoftCombat-939426029429656/,-4.7786236,37.8873185,Spain
South Killers,https://www.facebook.com/southkillers/?fref=ts,-4.6375179,37.5870305,Spain
Feedbacks,https://www.facebook.com/Feedbacks-Jugger-Team-379575332222530/,-0.3896713,39.4603183,Spain
Vegan Raptors,tahgeorgos@gmail.com,-1.1000065,38.8664439,Spain
Gasteizko Gorgonak,https://www.facebook.com/GasteizkoGorgonak/?ref=aymt_homepage_panel,-2.6817799,42.8587902,Spain
Crusader,https://www.facebook.com/C%C3%B3rdoba-Kombat-Sociedad-Cordobesa-de-Jugger-y-SoftCombat-939426029429656/,-4.77938349999999,37.8881751,Spain
Ragnarök - Jugger Team,https://www.facebook.com/RagnarokJugger/,-8.4177589,43.3630042,Spain
Bestas,blodtorstjugger@gmail.com,-8.77912760000004,42.2653368,Spain
Asociación Cartagenera de Jugger,https://www.facebook.com/pages/Asociaci%C3%B3n-Cartagenera-de-Jugger/1484748538452494,-0.994606,37.6227976,Spain
Jugger Pamplona,https://www.facebook.com/JuggerPamplona/,-1.64577450000002,42.812526,Spain
Jugger Cantabria,https://www.facebook.com/jugger.cantabria/,-3.8459015,43.4554111,Spain
BetanFénix,wowelixterix@gmail.com,-8.2130098,43.2783301,Spain
Wyverns,,-3.73514,40.3098867,Spain
Vigo Ruins Jugger Club,https://www.facebook.com/VigoRuinsJC/?fref=ts,-8.50027769999997,42.0833836,Spain
Valkyr Team,,-0.796459700000014,38.4765073,Spain
Urcos,,-8.2131234,43.2784298,Spain
Slowners,,-8.70208239999999,42.3914848,Spain
Sköll,,-5.6635397,40.9701039,Spain
Silvanos,,-3.80998030000001,43.4623057,Spain
Resistance,,-3.7289602,40.3091667,Spain
Pandora,,-8.73245859999997,42.2139758,Spain
Pandapaches,,-5.9212321,43.5572681,Spain
Overkill,https://twitter.com/overkill_jugger,-6.792995,43.3970252,Spain
Ornitorrincos de la Llama,https://www.facebook.com/OrnitorrincosDeLaLlama/,-5.9975051,37.4169113,Spain
Onuba Krakens,https://twitter.com/juggerhuelva,-6.9230162,37.2694523,Spain
Northwalls,,-5.6604329,43.529588,Spain
Nikram,,-0.642843693494797,38.4365208931874,Spain
Ni Knights,,-2.9379035,43.2618876,Spain
Navarrorcos,,-1.6509243,42.8118964,Spain
Myrtia Wolves,,-1.1330577,37.9812135,Spain
Myotragus,,2.65016030000004,39.5696005,Spain
Mitos,https://www.facebook.com/MitosJuggerTeam/,-2.9352427,43.2640751,Spain
Meritanos,,-0.0651894000000084,39.9818188,Spain
Mar de Cenizas,,-0.8753524,41.6531835,Spain
Little Jokers,,-5.66111950000004,43.5322015,Spain
Legends of Today,,-4.72453210000003,41.652251,Spain
Juggernianos,,-13.8628367,28.500821,Spain
JuggerHeister,,-3.700872,40.4067115,Spain
Jugger Oviedo Association,Alejandro (+34 673 15 11 65),-5.87331640000002,43.3626782,Spain
Jugger Ourense,https://www.facebook.com/groups/530162887043910/,-7.86062620000007,42.3432323,Spain
Jugger Málaga,https://www.instagram.com/juggermalaga/,-4.46756249999999,36.7109375,Spain
Jugger Madrid Sur,https://es-es.facebook.com/JuggerMads/,-3.71043750000001,40.3146875,Spain
Jugger La Cuenca,Adrián (+34 684 61 76 16),-5.59844444444445,43.2746111111111,Spain
Jugger Jaén,https://www.facebook.com/juggerjaen/,-3.79068749999999,37.7858125,Spain
Jugger Huelva,https://twitter.com/juggerhuelva,-6.92361700000004,37.269828,Spain
Jugger Granada,https://www.facebook.com/dobe.ruizpadilla,-3.60843750000004,37.1628125,Spain
Jugger Gijón,Nico (+34 667 79 97 43),-5.66956249999998,43.5404375,Spain
Jugger Corvera,Miguel (+34 644 88 96 25),-5.8929842,43.5368858,Spain
Jugger Castrillón,https://twitter.com/overkill_jugger,-5.97581249999996,43.5641875,Spain
Jugger Avilés,http://pandapaches.blogspot.com.es/,-5.922777,43.5528206,Spain
Jugger Albacete,https://www.facebook.com/pjuggerab/,-1.86681250000004,38.9651875,Spain
Jugger A Guarda,https://www.instagram.com/juggeraguarda/,-8.84514650000006,41.9013051,Spain
IX Legión,,-5.8491527,43.3615089,Spain
Iscariot,,-3.69021659999999,41.6692282,Spain
Homelands Jugger Club Deportivo,,-0.713562499999966,38.2643125,Spain
Hipnosapos,,-1.133916,37.9881813,Spain
Hidras,,-1.1322427,37.9866468,Spain
Helvetios,,-0.9966697,37.6270083,Spain
Hellfish,,-3.8103236,43.464268,Spain
Hell Gods,,-1.85854240000003,38.994349,Spain
ACD Jugger Majorero,https://www.facebook.com/juggermajorero.puertodelrosario,-13.8621875,28.4993125,Spain
ADC Bizkaina de Jugger JB,https://www.facebook.com/JuggerBizkaia,-2.91868750000003,43.2625625,Spain
AJ Jugger León,https://www.facebook.com/Jugger-Leon-234311970431657/,-5.56456249999997,42.6041875,Spain
Alhama Jugger Club,https://www.facebook.com/Alhama-Jugger-Club-843149439179728/,-1.43318750000003,37.8413125,Spain
Asociación Berciana de Jugger 5Stones,https://www.facebook.com/abj5Stones/,-6.60706249999998,42.5593125,Spain
Asociación de Jugger del Medio Vinalopó,https://www.facebook.com/asociacionjuggerMV/,-0.79068749999999,38.4660625,Spain
Asociación Genshiken Ginko,https://www.facebook.com/genshikenginko/,-3.68566666666663,41.6834722222222,Spain
Asociación Juvenil Guardia Helmántica,https://www.facebook.com/aj.helmantica,-5.67455555555557,40.9730555555556,Spain
Asociación Xuvenil Jugger Betanzos,Manulo (+34 660 69 84 07),-8.21781250000004,43.2794375,Spain
Jugger Ireland,<img src="https://doc-0s-b0-mymaps.googleusercontent.com/untrusted/hostedimage/glq0ertkjq4pfspe462v75g0i8/17leugatiekgfklaimhp87j598/1573214400000/9FnDH1sQNa5OyRurRtSi3XhS4vWlfz6Y/07371843970532912375/1AF2TALo27QLZFsr9OKCq1oHKcifw4xpdAPKZ9g-e4hv1qMx63BtK9z8tqbEuAciprX035m_kfSl-co89xgXIRKkTGBFGmACHpjMiWhDzhjQgB7R5h6z72kO3XJdWV9ZT6j1Hf4xH9nf1fN_deOmpJmLaW8D6YUxYW3Yt_6X6t-BeEjVcyOzN-0fyC92zPWhe0PhSAg821r13DNgg5Wcr9k622j9QQoCyIignHINhRyy2ZPWNF0Zlmh2ppxo4YpzQqDD_I3BO3nmMPXK5JuCCA3JsNMMHYN3PNg?session=1&fife" height="200" width="auto" /><br><br>http://www.juggerireland.com,-6.233325,53.3622182,Ireland__UK
Setanta Jugger Club,<img src="https://doc-0o-b0-mymaps.googleusercontent.com/untrusted/hostedimage/glq0ertkjq4pfspe462v75g0i8/d35r8t6am9hfmqkkcdajin4o7s/1573214400000/9FnDH1sQNa5OyRurRtSi3XhS4vWlfz6Y/07371843970532912375/1AF2TALqOGF12MOKj2SldxE4kUfjY71cCmzLTORfGQOwfOw3cPSOlXl_-_q2rlWox-MpF0ov6jJELFRxJ_iz5dA3UrnVLO0QuPWAdHKcKp60wrQP42_BRISIeJ77nCYKEkekark_rLID7r6iuNOC8Xisi4HcfzQHS0fzeIMtkzg-Z5kKuc83e1vCylxxgDy3MLezWCbOt4Se0zH1d_dPoktzxGw6tQOjxjRVILULw7NuCsZt-0BtpXD1jp40hCtU6ez8cQ3wUYL7i5YmUtooqZMyFtaCqtIPK9g?session=1&fife" height="200" width="auto" /><br><br>https://www.facebook.com/setantajuggerclub/,-6.2358141,53.3600285,Ireland__UK
Rampage Jugger,<img src="https://doc-14-b0-mymaps.googleusercontent.com/untrusted/hostedimage/glq0ertkjq4pfspe462v75g0i8/51t779a8du33v2l1qsinpvs1qg/1573214400000/9FnDH1sQNa5OyRurRtSi3XhS4vWlfz6Y/07371843970532912375/1AF2TALrKxEfQSSkG60rAVOtaL3xZ08q7irb-iItaMbXY9gb5MYQUspcpjLBsRe7jcvYP0CdRzzj20CqqZHAHWZbXB3nhuEJ9eGFq-mAAo7PmdoqsVj6vxaiKuTEWdOXEEPfAY2X-JG5yhCr-lzFCXMO0vfssQAztm1R2Q-_4tTc0RWDIWu0c1QTJk_BTH1RoT1k72144Q1gMUQ6b8ZMn8CjCZFqOwBlNM83Zk2zERqkR0EfEadIZPLI8V4Y2vE1aAEhLy8kddvGzwWbJoSQkD8odUo435vfdFw?session=1&fife" height="200" width="auto" /><br><br>https://www.facebook.com/rampagejugger/,-6.2140989,53.3358646,Ireland__UK
Savage Jugger,https://www.facebook.com/SavageJugger/,-0.1492609,51.4584523,Ireland__UK
Jugger Winchester,https://www.facebook.com/groups/WinchesterJugger/,-1.3157844,51.0612494,Ireland__UK
Legion Jugger Club,<img src="https://doc-0c-b0-mymaps.googleusercontent.com/untrusted/hostedimage/glq0ertkjq4pfspe462v75g0i8/jn34lvvnt5n5b3mbop0lhegglg/1573214400000/9FnDH1sQNa5OyRurRtSi3XhS4vWlfz6Y/07371843970532912375/1AF2TALqQo9TMEcv6lTl4kNWrdw8XETZjfyKgHGW4iJJm_OYPRziExFtgU1m0rnPzRHNVFQU_g96C8t4BVBvxvXYCUkGw3nBxgoKhCvZD3ZxQg5i1ehcqCU19aQHjL80ekYmowoxE4uXhQUEaevxIGnJVoZG23fb1rs-8746MAsY-hq73GKykYVOBQJEe0Fa6vhdkbc_qwdzmtTrA-fEctEQZC3t4SQT_ZMbQxdpLXqVm0GkMcogeQrR07xeTaNhNMmO1n1Yt1nmsGd9AkTKlSWzEU2zrJoeE3w?session=1&fife" height="200" width="auto" /><br><br>https://www.facebook.com/legionjuggerclub/,-6.3026762,53.3491744,Ireland__UK
Jugger Chihuahua,https://www.facebook.com/JuggerChihuahua/,-106.0709381,28.6309388,Central__South_America
Juggers Del Puerto Mexico,https://www.facebook.com/pages/Juggers-Del-Puerto-Mexico/425762720852605,-96.1348342,19.1706264,Central__South_America
Jugger en Oaxaca,https://www.facebook.com/juggeroaxaca/,-96.7239761,17.0590821,Central__South_America
Jugger Ciudad Juarez,https://www.facebook.com/JuggerCiudadJuarez,-106.4245605,31.7077239,Central__South_America
Jugger Liga Costa Rica,https://www.facebook.com/COMUNIDADJUGGER,-84.0891838,9.9279333,Central__South_America
Nox Societatem,https://www.facebook.com/Jugger-Nox-Societatem-498107547044700/?fref=ts,-84.1462183,9.9203663,Central__South_America
Jugger en la Sabana,https://www.facebook.com/JuggerSabana/,-84.1063499,9.9346122,Central__South_America
Comunidad Speculum,https://www.facebook.com/SpeculumAlae/,-74.0746308,4.5951189,Central__South_America
Actaeonis Grex,https://www.facebook.com/ActaeonisGrex,-74.0798664,4.6195017,Central__South_America
Enelle,https://www.facebook.com/enellejugger,-74.0900803,4.5969583,Central__South_America
Lycaon Pictus,https://www.facebook.com/LycaonPictusJuggerTeam/,-74.0790939,4.6335747,Central__South_America
Oh So Pretentious,https://www.facebook.com/OhSoPretentious/,-74.0897369,4.6342592,Central__South_America
Dragon Fly,https://www.facebook.com/dragonflyjugger/,-74.0708542,4.6277573,Central__South_America
Danse Macabre,https://www.facebook.com/lacomarcajugger/,-74.0928268,4.6147535,Central__South_America
Gae Bulg,https://www.facebook.com/G%C3%A1e-bulg-Jugger-Team-1653297711569782/?fref=ts,-74.0976334,4.6092781,Central__South_America
Quimeras,https://www.facebook.com/CerverusJugger/,-74.1044998,4.6274151,Central__South_America
Liga Brasileira De Jugger,https://www.facebook.com/groups/ligabrasileiradejugger/,-46.6349029,-23.5503758,Central__South_America
Jugger La Plata,https://www.facebook.com/groups/juggerlaplata/,-57.9763984,-34.9215488,Central__South_America
Jugger Santa Fe,https://www.facebook.com/groups/jugarla/,-60.7027244,-31.6314601,Central__South_America
Jugger MDQ,https://www.facebook.com/JuggerMDQ/,-57.581749,-37.9811453,Central__South_America
Berserker Jugger Team,No Page As of Yet,-57.9171753,-34.921971,Central__South_America
Ocho Herraduras Jugger,https://www.facebook.com/Ocho-Herraduras-Jugger-1377836122537845/,-57.9638648,-34.8994354,Central__South_America
White Lotus,No Page as of Yet,-58.3690739,-34.6261454,Central__South_America
Triskel Jugger Team,https://www.facebook.com/Triskel-Jugger-Team-662010537262044/,-57.948761,-34.9523676,Central__South_America
Ignis Fatuus,No Page as of Yet,-58.3701038,-34.6277698,Central__South_America
Jugger Noa,https://www.facebook.com/ligajuggernoa/,-65.2996445,-24.1874738,Central__South_America
Jugger Norte,https://m.facebook.com/profile.php?id=1513225445640713,-58.76544,-34.5151145,Central__South_America
Jugger Trelew,https://m.facebook.com/groups/1652521345021494?_rdr,-65.3077126,-43.249454,Central__South_America
Jugger Noroeste,https://www.facebook.com/Jugger-Noroeste-1623959827820929/,-58.6752319,-34.4635418,Central__South_America
Jugger C.A.B.A.,https://m.facebook.com/juggersaavedra/,-58.381691,-34.6043891,Central__South_America
Jugger Saavedra,jonyx_sp@hotmail.com,-58.3940506,-34.6039652,Central__South_America
Liga Uruguaya de Jugger,https://www.facebook.com/ligauruguayadejugger/,-56.1586736,-34.8935771,Central__South_America
Caballeros de la Llanura,www.facebook.com/Caballeros-de-la-Llanura-Jugger-team-182462185123264/,-56.205181,-34.86044,Central__South_America
Mandarina Ninja,https://www.facebook.com/mandarinaninja/,-56.1382638,-34.9107838,Central__South_America
Cerverus,https://www.facebook.com/CerverusJugger/,-74.0784073,4.6684784,Central__South_America
Liga X Jugger,https://www.facebook.com/LigaXjugger/,-74.0701675,4.6441829,Central__South_America
Team Raijin,https://www.facebook.com/Jugger-Team-Raijin-908251995989805,-74.0897369,4.647947,Central__South_America
Jugger Wien,https://www.facebook.com/juggervienna,16.3735343,48.2083162,Other
Second Cubs Jugger Club,https://www.facebook.com/secondcubsjuggerclub/,24.5636272,46.5467898,Other
Klausen Jokers,No Contact Info Yet,23.6319351,46.7744361,Other
Mud Flagons,https://www.facebook.com/groups/433127063457986/,3.7181854,51.0519702,Other
Jugger Nederland,https://www.facebook.com/groups/211091742340215,4.8932076,52.3701494,Other
AmstelJugger,https://www.facebook.com/pages/Amsteljugger/201009703300360,4.9082708,52.3392461,Other
Jugger Latvia,https://www.facebook.com/juggerlv/,24.1550303,56.9577995,Other
Jugger Lithuania,https://www.facebook.com/juggerlt/,25.279541,54.6865342,Other
Jugger Radomsko,https://www.facebook.com/juggeradomsko,19.4437408,51.0644859,Other
Dzieci Fritza,No Contact Info,17.4360323,51.6963819,Other
Akademia Juggera,https://www.facebook.com/Akademia-juggera-1662384364013702/,19.9443054,50.0589021,Other
Polish Jugger League,https://www.facebook.com/polishjuggerleague/,17.035675,51.106971,Other
Czech Jugger - Krutá hra,Fullkontaktní jugger v postapokalyptickém stylu<br><br>Tréninky:<br>v nepravidelných intervalech v neděli odpoledne v Letenských sadech<br><br>Kontakt:<br>https://www.facebook.com/krutahra<br><br>================================<br><br>Fullcontact jugger postapocalyptic style<br><br>Trainings:<br>irregularly but on Sunday afternoons in Letenské sady (where the pin is)<br><br>Contact:<br>https://www.facebook.com/krutahra,14.4181287,50.0971011,Other
jugger.cz,jugger v České republice<br><br>Kontakt:<br>http://jugger.cz<br>www.facebook.com/jugger.cz<br><br>==================================<br><br>jugger in the Czech republic<br><br>Contact:<br>http://jugger.cz<br>www.facebook.com/jugger.cz,14.4245123,50.0835545,Other
Jugger Znojmo,Tréninky:<br>nepravidelně<br><br>Kontakt:<br>https://www.facebook.com/JuggerZnojmo<br><br>==================================<br><br>Trainings:<br>irregularly<br><br>Contact:<br>https://www.facebook.com/JuggerZnojmo,16.0558319,48.8547763,Other
Sadaři Praha,Tréninky:<br>každé pondělí od 18:00 do 20:00 na rovince v Riegrových sadech<br><br>Kontakt:<br>https://www.facebook.com/SadariPraha/<br><br>=================================<br><br>Trainings:<br>every Monday from 6pm to 8pm in Riegrovy sady (where the pin is)<br><br>Contact:<br>https://www.facebook.com/SadariPraha/,14.4437385,50.0797335,Other
Jugger Israel,https://www.facebook.com/groups/1662627454012833/,35.0221825,32.7773163,Other
Grazer Panthers,https://www.facebook.com/groups/732500243621178/,15.4395039999999,47.070714,Other
Sighting of Jugger at Noxbo,Sighting of Jugger in Finland - https://www.youtube.com/watch?v=--l2w0Koi2M&feature=youtu.be&t=23m17s,24.5977235,61.1999348,Other
Jugger at Kiev Fencing Club,http://forum.jugger.org/viewtopic.php?f=29&t=2112,30.5236244,50.4499352,Other
Juggerball Marozzo,<a href="https://www.youtube.com/watch?v=Ges3oHRuFIs"><img src="https://img.youtube.com/vi/Ges3oHRuFIs/hqdefault.jpg" height="200" width="auto" /></a><br><br><a href="https://www.youtube.com/embed/Ges3oHRuFIs">https://www.youtube.com/embed/Ges3oHRuFIs</a><br><br>Teams from Rome, Florence and Perugia have competed. Held at event called Valhalla. https://www.youtube.com/watch?v=Ges3oHRuFIs,12.5299072,41.902277,Other
Kroužek jugger (Rodinné cetrum Osmička),Kroužek jugger v rámci aktivit Rodinného centra Osmička.<br><br>Kontakt:<br>http://osmickaprorodinu.cz/detske-kluby/rc-osmicka/<br>http://jugger.cz<br>www.facebook.com/jugger.cz<br><br>==================================<br><br>Leisure activity club offering jugger.<br><br>Contact:<br>http://osmickaprorodinu.cz/detske-kluby/rc-osmicka/<br>http://jugger.cz<br>www.facebook.com/jugger.cz,14.4315934,50.1407639,Other
Kroužek jugger (Wannado Arena),Kroužek jugger v rámci aktivit Wannado Areny.<br><br>Kontakt:<br>https://www.wannadosports.com/cz/subpage/wannado_arena<br>http://jugger.cz<br>www.facebook.com/jugger.cz<br><br>==================================<br><br>Leisure activity club offering jugger.<br><br>Contact:<br>https://www.wannadosports.com/cz/subpage/wannado_arena<br>http://jugger.cz<br>www.facebook.com/jugger.cz,14.4910124,50.032559,Other
Jugger Zheleznogorsk,Zheleznogorsk, Pathfinders' square,35.373729,52.331021,Other
Järnboås Järnfalkar,Vinterträningshall. Första juggerlaget i Sverige, grundades i 2012 av Ruben the Uhu http://www.jarnboas.se,14.86344,59.656648,Scandinavia
Juggerklubben Bergslagstrollen,Andra juggerlaget i Sverige, grundades i 2015. Två lag, svart och rosa. http://jugger.se/index.php/lagen/oversikt/team/0/2-juggerklubben-bergslagstrollen,15.234443,59.589036,Scandinavia
Fellingsbro Deers,,15.598322,59.428665,Scandinavia
Hunters,http://jugger.se/index.php/lagen/oversikt/team/0/6-hunters,15.361311,59.47579,Scandinavia
Wästerås Wolfpack,http://jugger.se/index.php/lagen/oversikt/team/0/8-westeras-wolfpack,16.55159,59.595536,Scandinavia
Sparvgardet Arvika,,12.585526,59.649184,Scandinavia
Örebro juggergrupp,Träningen sker på olika ställen. Se facebook.,15.175241,59.283131,Scandinavia
Umeå Osport,,20.2630354,63.8258471,Scandinavia
Järnsvenskan #Rubenstock,Första juggerfestivalen i Sverige (kanske i världen?), varje juni, sedan 2013/2015 .Swedens first Jugger festival, annually since 2013/15. http://www.jarnsvenskan.se,14.89869,59.6465,Scandinavia
Jugger Gotland,Kontakta Håkan, Studiefrämjandet Gotland vid intresse! Jugger spelas också på fritidsgårdar.,18.3047444,57.644298,Scandinavia
Nora Jugger,https://www.facebook.com/groups/1761063727479084/,15.0378667,59.5192064,Scandinavia
Jugger Stockholm,https://www.facebook.com/groups/193822991302826/,18.0685808000001,59.3293235,Scandinavia
New Zealand Jugger League,https://www.facebook.com/nzjugger,174.3229866,-35.7252976,Australia__NZ
Jugger Toowoomba,<img src="https://doc-0c-b0-mymaps.googleusercontent.com/untrusted/hostedimage/glq0ertkjq4pfspe462v75g0i8/kuo3st3l0oc5a5ecoabjkveh1c/1573214400000/9FnDH1sQNa5OyRurRtSi3XhS4vWlfz6Y/07371843970532912375/1AF2TALr9TihYbNe2DPVEn4QCJw1mvXCp_v33HmhPDK_uVUhNI3hkfC9bYEp1NgbTIuymO0-v20vKioXqSd401k8XDWt0fJlfHsVCyh9Oi8kK-6lxTKSpo6AOqtFux8I8zOV_pHxrI0JzQ0SmKTrzQfD459rWODPioN5VEK9x1Rk_UICnd_QNMCMKLtvdQ1wQqestphn5UlmTsaqk5zU4RVpouhPkiKqdf_y1dnjsNMhraRNrcJ_4K0mzQwZTEbHpeHK1jNVvcwFXMEiEKlvbALVL9in0qEWglQ?session=1&fife" height="200" width="auto" /><br><br>https://www.facebook.com/groups/jugger.toowoomba/,151.9549942,-27.561243,Australia__NZ
Jugger Canberra,<img src="https://doc-14-b0-mymaps.googleusercontent.com/untrusted/hostedimage/glq0ertkjq4pfspe462v75g0i8/j6oih8ipu0pm321pg89ja4d3sc/1573214400000/9FnDH1sQNa5OyRurRtSi3XhS4vWlfz6Y/07371843970532912375/1AF2TALqEo6H2GlguIXCaRBl_XbuoXBayoxseGnDM6IQRT5BpzBiAnjlZxcEDytzFzYZEAEuq_LkDX4YKS4PiQy_gzrpJYK9FEydPa6UDcJhPieH7HBd5Sw6oalnGDo5Y1jHFJDFWHh-IPy4WAUL_Mz157YWI1b7ZYF8LLzsB1P785XqcZIOKGRglFZdqVsOa85v4IaEBtjQNxygzJoFY8H2MsrURt-OuWYR9UfUTRAUcyDcIC_LUGDSku3k-Bo_7RjDPr8B74W4HnojqFGMGWAJpIHt38NZOAQ?session=1&fife" height="200" width="auto" /><br><br>https://www.facebook.com/groups/juggercanberra/,149.127388,-35.2865452,Australia__NZ
Brisbane Jugger,<img src="https://doc-04-b0-mymaps.googleusercontent.com/untrusted/hostedimage/glq0ertkjq4pfspe462v75g0i8/ao7pb06r80om36i1g5din6k2nc/1573214400000/9FnDH1sQNa5OyRurRtSi3XhS4vWlfz6Y/07371843970532912375/1AF2TALrYCiBLQInWYwHKvTjp2mF8F1V9XZ9P4TSuc9siHO7u0JIGRnysQE9FY140vpbI1WsTmukMvGVrCiBxhKihV3m8HuvWurSP01nSEeH_d7HDo-aW41-joNdt48XSFR-nSgAC_ILLpE307Yx0fZaWWO7G3rZpfXEWavG3Qwyy2-FNBsdy2ZGqHy4_AnL7Ba6RTrlW1JUvb4cbeuAaJxHf6SYjUC8oCiihtWdWGiyMGnZkcnRCMH23dHGGGpCX8AlyhMfG0Extv-nhfaT64rZ8rJI9qFwDCQ?session=1&fife" height="200" width="auto" /><br><br>https://www.facebook.com/groups/JuggerAustralis/,153.0517388,-27.4693636,Australia__NZ
Melbourne Jugger,<img src="https://doc-00-b0-mymaps.googleusercontent.com/untrusted/hostedimage/glq0ertkjq4pfspe462v75g0i8/rmkrhh7eq2n4sce4n80rkckcng/1573214400000/9FnDH1sQNa5OyRurRtSi3XhS4vWlfz6Y/07371843970532912375/1AF2TALqHZ5SuedtNhonqyzSKKO_PVRstCZJH9ZCE9rzLFAOCuFSkfOn_-NsSlXdZUw1EhyuvH1ewBfWxQwCj60fJL0CVpeag6q80O407n-ank-VC4ID5Lvq7a1UjqYRpPzPIUpJtru9ngORUVcAuAXsV_LRvMVhHFX--tY50dSwJ_UvMJQsSxEsXJ8X3Nlf8sbmRiLjw_-LTqSXNO_fKzg2nEGNzBKHePBuX1VtVzHs3xJegUxUqfvuCoHYA8Ozf8ELF56Cpcqpk4T9sMWJCyN5-kZXFw5l4iQ?session=1&fife" height="200" width="auto" /><br><br>https://www.facebook.com/groups/swinburnejugger/,145.0377274,-37.8225312,Australia__NZ
Jugger Wollongong,https://www.facebook.com/groups/1559341514347688/,150.8929682,-34.4254609,Australia__NZ
Newcastle Jugger,<img src="https://doc-14-b0-mymaps.googleusercontent.com/untrusted/hostedimage/glq0ertkjq4pfspe462v75g0i8/2947c419b6ttmoe47lnogp0ju0/1573214400000/9FnDH1sQNa5OyRurRtSi3XhS4vWlfz6Y/07371843970532912375/1AF2TALoKpXpBCQMrdNgYhC9pNqGwHoFNckM-mH0XpLEF1kJqs1nsSFnzUolW1mcEz9FoNr3JhjFAF3PIXmZqJxVoSbgCPdZphRLazapc8TGPWUNkGeANmEmwFC8M5WlL8RSfa5TOJn92mHeGGBbhOPetUqqgD7834JS2YF_W6IGct87bCGRW5MHbYcLnev8W0yGU5liGvjfgZEH-5e7Lg1neUUOZr3WoY9QbRxxu7E7YP5obWYUUUM8Vy9PkOxvR1LOnyU1d5F8y0MPYzGBzsll1tL1IBJlZMA?session=1&fife" height="200" width="auto" /><br><br>https://www.facebook.com/groups/309242885911162/,151.7774964,-32.9274365,Australia__NZ
Gympie Jugger,https://www.facebook.com/groups/1546928355609191/,152.6592841,-26.1921895,Australia__NZ
Aixcalibur,https://www.facebook.com/aixcalibur/,6.0836792,50.7752787,Germany_and_Some_Neighbours
NOX,https://www.facebook.com/pages/NOX/363888147077610,13.3110523,52.4747821,Germany_and_Some_Neighbours
Die verstörten Zernichter,,9.95335479999994,49.7913044,Germany_and_Some_Neighbours
Affen Mit Waffen,http://www.jsv-sulzbach.de/,11.7520238,49.4951972,Germany_and_Some_Neighbours
Ahle Säcke,https://www.facebook.com/ahlesaeckerof,9.7277069,50.9959586,Germany_and_Some_Neighbours
Anima Equorum,https://www.facebook.com/animaequorum,11.9694329,51.4566276,Germany_and_Some_Neighbours
Jugger Team Armageddon,http://jugger-nbg.jimdo.com/,11.0707211,49.4516108,Germany_and_Some_Neighbours
Awesome Pirates,https://www.facebook.com/groups/266826353342617/,7.4670982,53.2354274,Germany_and_Some_Neighbours
Moonwalk to Pluto,https://www.facebook.com/groups/1401629160052922/?fref=nf,9.9327994,51.5598773,Germany_and_Some_Neighbours
Blutgrätsche,https://hanseaticjugger.de/ and https://www.facebook.com/HanseaticJugger/,10.6831742,53.864777,Germany_and_Some_Neighbours
Cervisia Ultima e.V,https://www.facebook.com/CervisiaUltima,6.7062627,51.3883406,Germany_and_Some_Neighbours
Chimaera Brunsviga,https://www.facebook.com/ChimaeraBrunsviga,10.5268336,52.2674482,Germany_and_Some_Neighbours
Cottbus Klatscher,https://www.facebook.com/pages/Cottbus-Klatscher/180312941992310,14.3349695,51.7555551,Germany_and_Some_Neighbours
Jugger Lüneburg ex.V.,https://www.facebook.com/groups/172384752804384/,10.4088592,53.2465224,Germany_and_Some_Neighbours
CVJM Jugger Coswig,https://www.facebook.com/JuggerCoswig,13.5784363,51.1297072,Germany_and_Some_Neighbours
Darkwing Jugg,https://www.facebook.com/JuggerArnsberg,8.0554676,51.4079333,Germany_and_Some_Neighbours
Jugger in Saarbrücken,https://www.facebook.com/groups/Juggerhood/,7.0006513,49.2285914,Germany_and_Some_Neighbours
Jugger Marburg,https://www.facebook.com/groups/346709222048391/,8.7692141,50.8003475,Germany_and_Some_Neighbours
Die Kuhdorf-Vereinigung,https://www.facebook.com/KuhdorfVereinigung,8.0940378,50.6947451,Germany_and_Some_Neighbours
Die Leere Menge,https://www.facebook.com/dieleeremenge,13.395145,54.0894526,Germany_and_Some_Neighbours
Jugger e.V. Waidhaus,Associated Teams : Drachenblut  https://www.facebook.com/juggerwaidhaus,12.4956287,49.6416853,Germany_and_Some_Neighbours
Falco Jugger Berlin,https://www.facebook.com/pages/Falco-Jugger-Berlin/149799265107595,13.302126,52.4695276,Germany_and_Some_Neighbours
Fischkoppkrieger Jugger Kiel,https://www.facebook.com/fischkoppkrieger,10.1518607,54.3077608,Germany_and_Some_Neighbours
Five Finger Death Pompfer,https://www.facebook.com/pages/Five-Finger-Death-Pompfer/395602110564995,10.4539633,50.7228458,Germany_and_Some_Neighbours
Fläminger Bumchucks,https://www.facebook.com/FlamingerBumchucks,12.5944949,52.1424963,Germany_and_Some_Neighbours
The Flying Juggmen,https://www.facebook.com/TheFlyingJuggmen,7.0965028,50.7281297,Germany_and_Some_Neighbours
Oldenburger Keiler eV,https://www.facebook.com/pages/Oldenburger-Keiler-eV/176412039080677,8.2413554,53.1382948,Germany_and_Some_Neighbours
Jugger Dachau,https://www.facebook.com/groups/338582279549703/,11.435287,48.26127,Germany_and_Some_Neighbours
Grünanlagen Guerilla,https://www.facebook.com/pages/Gr%C3%BCnanlagen-Guerilla/160552890699146,13.3180905,52.4700243,Germany_and_Some_Neighbours
Gallier - Jugger Kaltbrunn,https://www.facebook.com/GallierKaltbrunn,8.2967377,48.2909601,Germany_and_Some_Neighbours
Gossenhauer,https://www.facebook.com/pages/Gossenhauer-Freiburg/505513702883908,7.8416634,47.998279,Germany_and_Some_Neighbours
Hannover Living Undeads,https://www.facebook.com/pages/Hannover-Living-Undeads/426648014109411,9.7328568,52.3711713,Germany_and_Some_Neighbours
Heidelberg Hobbitz,http://www.hobbitz.de/blog/,8.6710024,49.3982112,Germany_and_Some_Neighbours
Jugg - the Ripper,https://www.facebook.com/jugg.ripper,7.4686861,51.3686994,Germany_and_Some_Neighbours
Jugger in Ausberg,https://www.facebook.com/juggeraugsburg,10.8960342,48.3653737,Germany_and_Some_Neighbours
Tackle Tiger - Jugger in Karlsruhe,https://www.facebook.com/tackletiger,8.3980179,49.0056727,Germany_and_Some_Neighbours
Jugger Haufen Bochum,https://www.facebook.com/JuggerHaufenBochum,7.2126103,51.481864,Germany_and_Some_Neighbours
Juggernauts,https://www.facebook.com/groups/OrangeJuggernauts/,11.0128197,49.589223,Germany_and_Some_Neighbours
Dropkick Cologne - Jugger in Köln,https://www.facebook.com/jugger.in.koeln/,6.9605255,50.9357146,Germany_and_Some_Neighbours
Jugglers Jugg,https://www.facebook.com/pages/Jugglers-Jugg/363363587082446,11.9653988,51.4565742,Germany_and_Some_Neighbours
Jukk|er Schwaikheim,https://www.facebook.com/pages/Jukker-Schwaikheim/111616105634877,9.3521118,48.8724073,Germany_and_Some_Neighbours
Kamikaze Eulen,https://www.facebook.com/victim.rethwisch/<br>http://www.vfl-rethwisch.de/jugger/,10.4413462,53.7826388,Germany_and_Some_Neighbours
Jugger Hamburg,Associated teams : Torpedo, Torpedo Baam, Last Man Standing https://www.facebook.com/pages/Jugger-Hamburg/267769903236636,10.012579,53.5968346,Germany_and_Some_Neighbours
1. Jugger-Club Hagen e.V.,https://www.facebook.com/MadMonkeys,7.4699628,51.3717469,Germany_and_Some_Neighbours
Mainzer Marodeure,https://www.facebook.com/Mainzer-Marodeure-1471410609760958/,8.2534791,49.9919049,Germany_and_Some_Neighbours
Munich Monks,https://www.facebook.com/pages/M-Jugger-Juggern-in-M%C3%BCnchen/351312038290495,11.5703202,48.1301218,Germany_and_Some_Neighbours
Pader Bears - Juggerteam Paderborn,https://www.facebook.com/PaderBears,8.761425,51.7188401,Germany_and_Some_Neighbours
Phoenix Marburg,https://www.facebook.com/PhoenixMarburg,8.7643433,50.7986117,Germany_and_Some_Neighbours
Pig Pile,https://www.facebook.com/pages/Pig-Pile/231211513671133,7.4710464,51.3667703,Germany_and_Some_Neighbours
Pink Pain,https://www.facebook.com/pages/Pink-Pain/498708653551726,8.6524201,49.8716275,Germany_and_Some_Neighbours
Pompfenjäger,https://www.facebook.com/Pompfenjaeger,13.3911324,54.0864824,Germany_and_Some_Neighbours
Pompfritz,https://www.facebook.com/Pompfritz,7.1632254,51.2625862,Germany_and_Some_Neighbours
Rigor Mortis,http://jugger.de/teams/juggerteams-berlin.php  http://www.tib1848ev.de/sportarten/jugger/ansprechpartner/,13.4076012,52.4830644,Germany_and_Some_Neighbours
Hornets TSV Butzbach / Jugger Butzbach,https://www.facebook.com/JuggerButzbach,8.6694146,50.4344385,Germany_and_Some_Neighbours
S.P.A.T. Jugger Villingen,https://www.facebook.com/JuggerVillingen,8.4493875,48.0578896,Germany_and_Some_Neighbours
Jugger Münster e.V.,https://www.facebook.com/pages/Jugger-M%C3%BCnster-eV/349917315020918,7.6286316,51.9597114,Germany_and_Some_Neighbours
Jugger Bad Oeynhausen,https://www.facebook.com/JuggerBadOeynhausen,8.8020659,52.2061865,Germany_and_Some_Neighbours
Skull,https://www.facebook.com/pages/Skull/577673718950073,13.3079624,52.4582061,Germany_and_Some_Neighbours
Sonnenwende - Jugger,https://www.facebook.com/SonnenwendeJugger,13.328991,52.4623376,Germany_and_Some_Neighbours
SaarBastion,,6.75228649999997,49.3134606,Germany_and_Some_Neighbours
JUGGER IN HANNOVER,Associated Teams : Living Undeads, Spalter  http://www.hannover-jugger.de/joomla/,9.7213555,52.375442,Germany_and_Some_Neighbours
Sturmwölfe - Jugger in Bielefeld,https://www.facebook.com/sturmwoelfe,8.5299397,52.0300003,Germany_and_Some_Neighbours
Unicorns of Doom,,7.3192627,49.288796,Germany_and_Some_Neighbours
Weserkraken - Jugger Bremen,https://www.facebook.com/JuggerBremen,8.8019371,53.0785588,Germany_and_Some_Neighbours
Victim,https://www.facebook.com/victim.rethwisch/<br>http://www.vfl-rethwisch.de/jugger/,10.4426338,53.782613,Germany_and_Some_Neighbours
Jugger Erfurt,https://www.facebook.com/juggererfurt/,11.02988,50.9847679,Germany_and_Some_Neighbours
Jugger Giants Hohegeiß,https://www.facebook.com/JuggerGiants/,10.6106902,51.727839,Germany_and_Some_Neighbours
Without Rules Jugger Rotenburg,https://www.facebook.com/pages/Without-Rules-Jugger-Rotenburg/634220579938464,9.3990826,53.1067143,Germany_and_Some_Neighbours
Jugger Legion Kreis Olpe,https://www.facebook.com/pages/Jugger-Legion-Kreis-Olpe/455548991222603,7.8502464,51.0281971,Germany_and_Some_Neighbours
Schädelschwenker,https://www.juggersportsaarpfalz.de/,7.3196918,49.2888169,Germany_and_Some_Neighbours
Jugger-Verein Ahaus e.v.,https://www.facebook.com/jugger.ahaus,6.9220734,52.0290497,Germany_and_Some_Neighbours
Jugger Zwickau,https://www.facebook.com/JuggerZwickau/,12.477808,50.7122217,Germany_and_Some_Neighbours
Jugger NT,https://www.facebook.com/pages/Jugger-Nt/190314434327344,9.3443656,48.6223143,Germany_and_Some_Neighbours
Jugger Club Mannheim,https://www.facebook.com/JuggerClubMannheim,8.4630776,49.4879216,Germany_and_Some_Neighbours
Forrest Jugg,https://www.facebook.com/pages/Forrest-Jugg/394436274040780,7.8837419,50.9046465,Germany_and_Some_Neighbours
Zonenkinder,https://www.facebook.com/pages/Zonenkinder/224701517588314,11.5909625,50.9264643,Germany_and_Some_Neighbours
Jugger Helden Bamberg,https://www.facebook.com/JuggerHeldenBamberg,10.8152032,49.8399891,Germany_and_Some_Neighbours
Jugger beim TFC Kaiserslautern Esox Lucius,https://www.facebook.com/Jugger.Esox.Lucius/,7.7401256,49.4309054,Germany_and_Some_Neighbours
Jugger Team Waldmeister Lollar,https://www.facebook.com/pages/Jugger-Team-Waldmeister-Lollar/293968940774975,8.7060643,50.6475557,Germany_and_Some_Neighbours
Jugger Stuttgart,https://www.facebook.com/pages/Jugger-Stuttgart/158046564258157,9.1773606,48.7772341,Germany_and_Some_Neighbours
Lahnveilchen Gießen,https://www.facebook.com/pages/Lahnveilchen-Gie%C3%9Fen/295641173946084,8.6788559,50.5830186,Germany_and_Some_Neighbours
Blackthorn Jugger Club,<img src="https://doc-04-b0-mymaps.googleusercontent.com/untrusted/hostedimage/glq0ertkjq4pfspe462v75g0i8/maq7s1a6q2tjd723qa5i5976j4/1573214400000/9FnDH1sQNa5OyRurRtSi3XhS4vWlfz6Y/07371843970532912375/1AF2TALrxyIa4zBo56Hn5-jUk4BPElHN4bRyLTm50fCnWHkP_EwyBd_n-uBSo8PPjpPGSgpB22j7d1vmX4K8sRCKBziNRpZLSN47ZqkKQ043Hr-Z_qRM6Dlj0opFFgcmis_oKFjVCHqoWRKfEVuoWcmfH83SKtZ_fDiSsLPPmwwADcwS3nM2YFvjyKB3EjEmiwJU8QvzQ4wWLVJvUOvJ6WvHApyCq8J5zrx69hnPFU9LBVLmg1WpbarLZY7PhyamjkPZAT3eC8D8dc1LDna9m7Du1p2YuZd5v5Q?session=1&fife" height="200" width="auto" /><br><br>https://www.facebook.com/Blackthornjuggerclub/,6.7950439,51.2253779,Germany_and_Some_Neighbours
Jugger-Clausthal,https://www.facebook.com/JuggerClausthal,10.2523792,51.7530579,Germany_and_Some_Neighbours
Hurricane Blades Jugger Bingen,https://www.facebook.com/HurricaneBlades/,7.8844929,49.9698002,Germany_and_Some_Neighbours
Jugger Fleesenseeschule Malchow,No contact page yet.,12.4215889,53.4786224,Germany_and_Some_Neighbours
Blue Fangs - FFO,https://www.facebook.com/pages/Blue-Fangs-FFO/146044288896206,14.5513058,52.3463513,Germany_and_Some_Neighbours
Jugger e.V. Berlin,https://www.facebook.com/JuggerBerlin,13.3916473,52.4727431,Germany_and_Some_Neighbours
Jugger Rostock,https://www.facebook.com/jugger.rostock,12.0995951,54.0924856,Germany_and_Some_Neighbours
Leipziger Nachtwache,https://www.facebook.com/LeipzigerNachtwache,12.373867,51.3387626,Germany_and_Some_Neighbours
Jugger Osnabrück,https://www.facebook.com/JuggerOS/,8.0682564,52.2553393,Germany_and_Some_Neighbours
Jugger Demmin,http://juggerdemmin.wordpress.com/,13.0494618,53.9059436,Germany_and_Some_Neighbours
Dead Rabbits,https://www.facebook.com/DeadRabbitsLorsch/,8.5671043,49.6531823,Germany_and_Some_Neighbours
Keulen Eulen,https://www.facebook.com/KeulenEulen/,7.0394944,49.2512328,Germany_and_Some_Neighbours
Die Goldenen Reiter Dresden,https://www.facebook.com/DieGoldenenReiterDresden/?fref=ts,13.7372017,51.0502976,Germany_and_Some_Neighbours
Die mit der Mühle,https://www.facebook.com/DieMitDerMuehle/,10.9886456,49.4770758,Germany_and_Some_Neighbours
Juggersport Saarpfalz eV,https://www.juggersportsaarpfalz.de/,7.31948799999998,49.288656,Germany_and_Some_Neighbours
Nordische Sport Amateure,https://www.facebook.com/flnsa/,9.4478989,54.7933619,Germany_and_Some_Neighbours
Cranium Ex Machina,No Contact Info Yet,9.9604797,53.4610728,Germany_and_Some_Neighbours
Jugg Norris,No contact page yet.,9.4795704,51.3124277,Germany_and_Some_Neighbours
The Mighty Juggs,https://www.facebook.com/JuggerLippstadt/,8.341198,51.6710913,Germany_and_Some_Neighbours
Die Jugg-Badgers,http://jugger.de/teams/juggerteams-sachsen-anhalt.php,11.0567629,51.8943776,Germany_and_Some_Neighbours
Bayreuth Ravens,No Contact Info,11.5710068,49.945255,Germany_and_Some_Neighbours
Jugger ve Velkém Oseku,Oddíl sokolské všestrannosti Velký Osek.<br><br>Kontakt:<br>http://www.oseckagymnastika.cz/<br><br>==================================<br><br>Leisure activity club offering jugger.<br><br>Contact:<br>http://www.oseckagymnastika.cz/,15.1928285,50.1012303,Germany_and_Some_Neighbours
Jugger v Chomutově,Tělovýchovná jednota ZŠ SPV Chomutov.<br><br>Kontakt:<br>http://www.prdi.intek.cz/<br><br>==================================<br><br>Leisure activity club offering jugger.<br><br>Contact:<br>http://www.prdi.intek.cz/,13.4007025,50.4625242,Germany_and_Some_Neighbours
Jugger v Rýmařově,Gymnázium a Střední odborná škola Rýmařov.<br><br>Kontakt:<br>http://www.gymsosrym.cz/<br><br>==================================<br>High school playing jugger.<br><br>Contact:<br>http://www.gymsosrym.cz/,17.2669995,49.9337892,Germany_and_Some_Neighbours
Bob Jugger,https://www.facebook.com/bobjuggersued/,8.8522339,48.9479845,Germany_and_Some_Neighbours
LachsBoyZ,https://forum.jugger.org/,7.5220299,51.7385102,Germany_and_Some_Neighbours
Potsdamer Piranhas,https://www.facebook.com/PotsdamerPiranhas,13.0370800000001,52.389943,Germany_and_Some_Neighbours
Collapse,https://www.facebook.com/CollapseJugger/,-74.0756607,4.649658,Germany_and_Some_Neighbours
The Hare Ridders,https://www.facebook.com/thehareriddersteam/,-74.0856171,4.6565018,Germany_and_Some_Neighbours
Jugger Siena,https://www.facebook.com/Jugger-Siena-588564341512160/,11.3312541,43.3181225,Germany_and_Some_Neighbours
Jugger Basel,https://www.facebook.com/juggerbasel/,7.5874217,47.5704579,Germany_and_Some_Neighbours
Jugger Togliatti,https://vk.com/jugger_sport_tlt,49.296362,53.5166354,Germany_and_Some_Neighbours
Jugger Kursk,http://jugger-russia.tk/en/index.html,36.1550957,51.7076538,Germany_and_Some_Neighbours
Dracones Pannoniæ,https://www.facebook.com/groups/267237040684367/,19.0396658,47.4970961,Germany_and_Some_Neighbours
Peters Pawns,https://goo.gl/maps/XsU31xRc5bQ2,8.66347229999997,51.951983,Germany_and_Some_Neighbours
Jugger Asylum,http://www.facebook.com/JuggerAsylum,7.57082179999998,50.4371429,Germany_and_Some_Neighbours
Jugger am Eck (Jaeck),https://www.facebook.com/JuggeramEck/,7.58899589999999,50.3569429,Germany_and_Some_Neighbours
Ilmenites,https://www.facebook.com/Ilmenites/,10.9254728,50.6843502,Germany_and_Some_Neighbours
Bembelritter,http://jugger-ffm.de/#training AND https://www.facebook.com/groups/411040459105151/,8.64081199999998,50.143488,Germany_and_Some_Neighbours
